"id","name","classification","question","currentObservationQuestion","relation","conditions","representations","source","limits","remaining"
"0:S","연립방정식","기존 틀로 대응","계수·미지수·상수항은 같은 선형계의 어떤 서로 다른 역할인가?","계수·미지수·상수항은 같은 선형계의 어떤 서로 다른 역할인가?","여러 선형 조건을 동시에 만족하는 값을 찾음","마지막 열은 b, 앞의 열들은 A | 실수 유한 행렬 · 최대 6행·7열 | 교환·0 아닌 배수·다른 행의 배수를 더하는 연산은 해를 유지한다.","확대행렬: 모든 조건 | 행 연산 장면: 실제 순서·근거 | 피벗·해의 상태: 결과 판단","1.1: printed 2; PDF 16","교재의 물리·경제·화학 모델 단위는 입력된 숫자만으로 추정하지 않는다. | 피벗은 상대적 수치 허용오차를 사용한다. | 유한차원 수치 관찰이며 일반 함수·모든 차원의 기호 증명이 아니다.",""
"0:E","가우스·가우스-조르당 소거","기존 틀로 대응","행 사다리꼴과 기약 행 사다리꼴은 어느 조건과 단계가 다른가?","행 사다리꼴과 기약 행 사다리꼴은 어느 조건과 단계가 다른가?","피벗과 자유변수로 해를 정리함","마지막 열은 b, 앞의 열들은 A | 실수 유한 행렬 · 최대 6행·7열 | 교환·0 아닌 배수·다른 행의 배수를 더하는 연산은 해를 유지한다.","확대행렬: 모든 조건 | 행 연산 장면: 실제 순서·근거 | 피벗·해의 상태: 결과 판단","1.2: printed 11; PDF 25","교재의 물리·경제·화학 모델 단위는 입력된 숫자만으로 추정하지 않는다. | 피벗은 상대적 수치 허용오차를 사용한다. | 유한차원 수치 관찰이며 일반 함수·모든 차원의 기호 증명이 아니다.",""
"0:M","행렬 연산과 전치","기존 틀로 대응","같은 행렬곱의 성분·열·행·선형결합 표현은 어떻게 연결되는가?","같은 행렬곱의 성분·열·행·선형결합 표현은 어떻게 연결되는가?","계수와 연산을 하나의 대상으로 다룸","덧셈은 같은 크기 | 곱은 안쪽 차원이 같을 때 정의 | 정수 거듭제곱은 정사각행렬; 음의 지수는 가역 조건","A,B: 두 대상 | A+B,tA,Aᵀ: 대응 성분 | AB,BA: 곱의 순서와 크기 | Aⁿ: 반복 곱과 역의 조건","1.3: printed 25; PDF 39","작은 유한차원 수치 예제이다. 일반 정리·정확한 기호 판정·증명은 원문 조건과 구별한다. | 유한차원 수치 관찰이며 일반 함수·모든 차원의 기호 증명이 아니다.",""
"0:EM","기본행렬","기존 틀로 대응","한 행 연산과 그 역연산은 어떤 기본행렬에 대응하는가?","한 행 연산과 그 역연산은 어떤 기본행렬에 대응하는가?","행 연산을 행렬 곱으로 표현함","마지막 열이 b인 확대행렬 | 각 행 연산을 항등행렬에도 같은 순서로 적용한다.","확대행렬: 같은 해집합 | 단계: 순서와 근거 | E[A|b]: 누적 행 연산의 재구성","1.5: printed 53; PDF 67","작은 유한차원 수치 예제이다. 일반 정리·정확한 기호 판정·증명은 원문 조건과 구별한다. | 유한차원 수치 관찰이며 일반 함수·모든 차원의 기호 증명이 아니다.",""
"0:INV","역행렬과 가역성","기존 틀로 대응","가역성의 여러 동치 조건은 어떤 정사각 조건에서 같은 말이 되는가?","가역성의 여러 동치 조건은 어떤 정사각 조건에서 같은 말이 되는가?","변환을 되돌리고 해의 유일성을 판별함","n행 n+1열의 실수 확대행렬 | 역행렬과 크래머 공식은 det A≠0에서만 적용","여인수 행렬: 부호와 소행렬 | 전개 항: 행렬식의 합 | 역행렬·크래머 해: 같은 해의 비교","1.4: printed 40; PDF 54 | 1.6: printed 62; PDF 76","작은 유한차원 수치 예제이다. 일반 정리·정확한 기호 판정·증명은 원문 조건과 구별한다. | 유한차원 수치 관찰이며 일반 함수·모든 차원의 기호 증명이 아니다.",""
"0:SP","대각·삼각·대칭행렬","기존 틀로 대응","대각·삼각·대칭의 성분 구조는 어떤 법칙을 허용하고 어떤 법칙은 보장하지 않는가?","대각·삼각·대칭의 성분 구조는 어떤 법칙을 허용하고 어떤 법칙은 보장하지 않는가?","구조에 따라 계산과 성질을 단순화함","덧셈은 같은 크기 | 곱은 안쪽 차원이 같을 때 정의 | 정수 거듭제곱은 정사각행렬; 음의 지수는 가역 조건","A,B: 두 대상 | A+B,tA,Aᵀ: 대응 성분 | AB,BA: 곱의 순서와 크기 | Aⁿ: 반복 곱과 역의 조건","1.7: printed 69; PDF 83","작은 유한차원 수치 예제이다. 일반 정리·정확한 기호 판정·증명은 원문 조건과 구별한다. | 유한차원 수치 관찰이며 일반 함수·모든 차원의 기호 증명이 아니다.",""
"0:T","행렬에 의한 선형변환","기존 틀로 대응","표준기저의 상은 왜 모든 벡터의 선형변환을 결정하는가?","표준기저의 상은 왜 모든 벡터의 선형변환을 결정하는가?","벡터를 보내는 규칙으로 행렬을 해석함","2×2 또는3×3 실수 행렬과 같은 차원의 벡터 | 축 회전은3차원 · 오른손 좌표계의 능동 회전","원도형과 상: 대응 모서리 | 입력 벡터와 상: 동일 대상 | 직교 잔차: 길이 보존 조건","1.8: printed 76; PDF 90","작은 유한차원 수치 예제이다. 일반 정리·정확한 기호 판정·증명은 원문 조건과 구별한다. | 유한차원 수치 관찰이며 일반 함수·모든 차원의 기호 증명이 아니다.",""
"0:CO","변환의 합성","기존 틀로 대응","중간 공간과 실제 적용 순서는 합성행렬의 곱에서 어떻게 보존되는가?","중간 공간과 실제 적용 순서는 합성행렬의 곱에서 어떻게 보존되는가?","여러 변환을 차례로 적용함","곱의 안쪽 차원 조건 | T_A∘T_B는 먼저 B, 다음 A","행렬 A,B: 두 작용 | ABx·BAx: 순서의 차이 | x와 중간 상: 동일 대상의 과정","1.9: printed 90; PDF 104","작은 유한차원 수치 예제이다. 일반 정리·정확한 기호 판정·증명은 원문 조건과 구별한다. | 유한차원 수치 관찰이며 일반 함수·모든 차원의 기호 증명이 아니다.",""
"0:APP","선형 조건의 모델링","기존 틀로 대응","모형의 실제 조건은 선형계의 계수·부호·허용 해에 어떻게 대응하는가?","모형의 실제 조건은 선형계의 계수·부호·허용 해에 어떻게 대응하는가?","흐름망·회로·화학 반응·다항식 보간을 식으로 만듦","마지막 열은 b, 앞의 열들은 A | 실수 유한 행렬 · 최대 6행·7열 | 교환·0 아닌 배수·다른 행의 배수를 더하는 연산은 해를 유지한다.","확대행렬: 모든 조건 | 행 연산 장면: 실제 순서·근거 | 피벗·해의 상태: 결과 판단","1.10: printed 98; PDF 112","교재의 물리·경제·화학 모델 단위는 입력된 숫자만으로 추정하지 않는다. | 피벗은 상대적 수치 허용오차를 사용한다. | 유한차원 수치 관찰이며 일반 함수·모든 차원의 기호 증명이 아니다.",""
"0:L","레온티예프 투입-산출 모형","기존 틀로 대응","소비행렬의 열과 외부 수요는 필요한 생산량의 어떤 서로 다른 몫인가?","소비행렬의 열과 외부 수요는 필요한 생산량의 어떤 서로 다른 몫인가?","산업 간 의존성과 필요한 생산량을 연결함","소비행렬 C≥0 · 외부 수요 d=(2,1)≥0 | (I−C)x=d | 수학적 해와 생산 가능한 비음수 해를 구별한다.","C·d: 산업 의존 | 소거 과정: 생산량 계산 | 비음수 여부: 경제적 해석 조건","1.11: printed 110; PDF 124","실제 산업 자료·화폐 단위를 임의로 붙이지 않는다. | 유한차원 수치 관찰이며 일반 함수·모든 차원의 기호 증명이 아니다.",""
"0:D","행렬식","기존 틀로 대응","여인수 행렬과 열을 바꾼 행렬은 역행렬과 유일해에 어떻게 연결되는가?","여인수 행렬과 열을 바꾼 행렬은 역행렬과 유일해에 어떻게 연결되는가?","정사각행렬의 가역성을 하나의 값으로 판별함","실수 정사각행렬의 행렬식 · 이 가족은 A=[[1,1],[0,t]] | 원벡터 x=(1,1)과 단위 정사각형 고정 · 단위 없는 벡터 | 역행렬은 t≠0일 때만 정의된다.","행렬의 성분: 변환 규칙 | 정사각형과 그 상: 넓이·방향 | 행렬식·rank·역행렬: 같은 t의 조건 판단","2.3: printed 133; PDF 147","2차원 예제는 모든 차원의 행렬식 정리에 대한 증명이 아니다. | 유한차원 수치 관찰이며 일반 함수·모든 차원의 기호 증명이 아니다.",""
"0:DC","여인수 전개와 행 연산","기존 틀로 대응","행렬식의 전개·행 연산·기본행렬은 같은 값을 어떻게 추적하는가?","행렬식의 전개·행 연산·기본행렬은 같은 값을 어떻게 추적하는가?","행렬식의 값을 계산함","n행 n+1열의 실수 확대행렬 | 역행렬과 크래머 공식은 det A≠0에서만 적용","여인수 행렬: 부호와 소행렬 | 전개 항: 행렬식의 합 | 역행렬·크래머 해: 같은 해의 비교","2.1: printed 118; PDF 132 | 2.2: printed 126; PDF 140","작은 유한차원 수치 예제이다. 일반 정리·정확한 기호 판정·증명은 원문 조건과 구별한다. | 유한차원 수치 관찰이며 일반 함수·모든 차원의 기호 증명이 아니다.",""
"0:CR","크래머 공식","기존 틀로 대응","여인수 행렬과 열을 바꾼 행렬은 역행렬과 유일해에 어떻게 연결되는가?","여인수 행렬과 열을 바꾼 행렬은 역행렬과 유일해에 어떻게 연결되는가?","행렬식으로 유일한 해의 성분을 표현함","n행 n+1열의 실수 확대행렬 | 역행렬과 크래머 공식은 det A≠0에서만 적용","여인수 행렬: 부호와 소행렬 | 전개 항: 행렬식의 합 | 역행렬·크래머 해: 같은 해의 비교","2.3: printed 133; PDF 147","작은 유한차원 수치 예제이다. 일반 정리·정확한 기호 판정·증명은 원문 조건과 구별한다. | 유한차원 수치 관찰이며 일반 함수·모든 차원의 기호 증명이 아니다.",""
"0:P","명제와 증명","정적 설명 적합","정리의 가정에서 결론까지 각 단계는 무엇을 근거로 이어지는가?","정리의 가정에서 결론까지 각 단계는 무엇을 근거로 이어지는가?","가정·결론·역·대우·동치를 구별함","원문의 대상·체·정의역·가정과 결론을 구별한다.","문장·수식: 정의·조건 | 연결도: 다른 개념에서 다시 쓰이는 관계","Appendix A: printed A1; PDF 559","도식이나 여러 사례를 증명으로 처리하지 않는다. | 유한차원 수치 관찰이며 일반 함수·모든 차원의 기호 증명이 아니다.",""
"1:V","유클리드 벡터","기존 틀로 대응","같은 벡터의 화살표와 성분은 어떤 정보를 보존하는가?","같은 벡터의 화살표와 성분은 어떤 정보를 보존하는가?","위치·방향·변화를 성분으로 표현함","실수 유클리드 내적 | u=(1,t)≠0 · b=(2,1) 고정 | 부분공간 W=span(u)","u·b·p·r: 같은 벡터의 분해 | 정사영 식: 내적과 분모 조건 | 잔차 내적·노름: 직교와 최선근사","3.1: printed 146; PDF 160","일반 가중·함수 내적은 이 유클리드 예제와 구별한다. | 유한차원 수치 관찰이며 일반 함수·모든 차원의 기호 증명이 아니다.",""
"1:N","노름·내적·거리","기존 틀로 대응","길이·거리·각도는 내적에서 어떤 조건으로 얻어지는가?","길이·거리·각도는 내적에서 어떤 조건으로 얻어지는가?","길이와 각도, 가까움을 측정함","실수 유클리드 내적 | u=(1,t)≠0 · b=(2,1) 고정 | 부분공간 W=span(u)","u·b·p·r: 같은 벡터의 분해 | 정사영 식: 내적과 분모 조건 | 잔차 내적·노름: 직교와 최선근사","3.2: printed 158; PDF 172","일반 가중·함수 내적은 이 유클리드 예제와 구별한다. | 유한차원 수치 관찰이며 일반 함수·모든 차원의 기호 증명이 아니다.",""
"1:O","직교와 정사영","기존 틀로 대응","수직 조건과 정사영은 어떤 잔차를 만드는가?","수직 조건과 정사영은 어떤 잔차를 만드는가?","벡터를 평행한 부분과 수직인 부분으로 나눔","실수 유클리드 내적 | u=(1,t)≠0 · b=(2,1) 고정 | 부분공간 W=span(u)","u·b·p·r: 같은 벡터의 분해 | 정사영 식: 내적과 분모 조건 | 잔차 내적·노름: 직교와 최선근사","3.3: printed 172; PDF 186","일반 가중·함수 내적은 이 유클리드 예제와 구별한다. | 유한차원 수치 관찰이며 일반 함수·모든 차원의 기호 증명이 아니다.",""
"1:G","연립방정식의 기하","기존 틀로 대응","선형계의 해집합은 왜 한 점에서 영공간 방향으로 펼쳐지는가?","선형계의 해집합은 왜 한 점에서 영공간 방향으로 펼쳐지는가?","직선·평면·초평면의 교집합으로 해를 봄","마지막 열은 b, 앞의 열들은 A | 실수 유한 행렬 · 최대 6행·7열 | 교환·0 아닌 배수·다른 행의 배수를 더하는 연산은 해를 유지한다.","확대행렬: 모든 조건 | 행 연산 장면: 실제 순서·근거 | 피벗·해의 상태: 결과 판단","3.4: printed 183; PDF 197","교재의 물리·경제·화학 모델 단위는 입력된 숫자만으로 추정하지 않는다. | 피벗은 상대적 수치 허용오차를 사용한다. | 유한차원 수치 관찰이며 일반 함수·모든 차원의 기호 증명이 아니다.",""
"1:X","외적과 삼중곱","기존 틀로 대응","외적·삼중곱은 방향·면적·부피를 어떻게 구별하는가?","외적·삼중곱은 방향·면적·부피를 어떻게 구별하는가?","공간의 수직 방향·넓이·부피를 구함","실수 R³ | u=(1,t,0), v=(0,1,1) | 외적 순서를 바꾸면 부호가 뒤집힌다.","두 입력·외적: 공간 대응 | 내적: 수직 확인 | 노름: 넓이","3.5: printed 190; PDF 204","이 교재의 외적을 모든 n차원의 같은 연산으로 확장하지 않는다. | 유한차원 수치 관찰이며 일반 함수·모든 차원의 기호 증명이 아니다.",""
"1:VS","일반 벡터공간","정적 설명 적합","어떤 대상과 두 연산을 정해야 벡터공간이라고 말할 수 있는가?","어떤 대상과 두 연산을 정해야 벡터공간이라고 말할 수 있는가?","행렬·다항식·함수에도 선형 구조를 적용함","원문의 대상·체·정의역·가정과 결론을 구별한다.","문장·수식: 정의·조건 | 연결도: 다른 개념에서 다시 쓰이는 관계","4.1: printed 202; PDF 216","도식이나 여러 사례를 증명으로 처리하지 않는다. | 유한차원 수치 관찰이며 일반 함수·모든 차원의 기호 증명이 아니다.",""
"1:SUB","부분공간","기존 틀로 대응","부분집합에 벡터공간 구조가 남는 조건은 무엇인가?","부분집합에 벡터공간 구조가 남는 조건은 무엇인가?","선형결합에 닫힌 작은 공간을 구별함","실수 m×n 행렬 | 열공간 기저는 원래 행렬의 피벗 열 | 공역은 Rᵐ으로 명시한다.","원래 열과 RREF행: 기저의 선택 | 자유변수 벡터: 영공간 | 차원·직교 잔차: 네 공간의 관계","4.2: printed 211; PDF 225","작은 유한차원 수치 예제이다. 일반 정리·정확한 기호 판정·증명은 원문 조건과 구별한다. | 유한차원 수치 관찰이며 일반 함수·모든 차원의 기호 증명이 아니다.",""
"1:SPAN","생성집합과 선형결합","기존 틀로 대응","생성공간은 주어진 대상들을 포함하는 가장 작은 부분공간인가?","생성공간은 주어진 대상들을 포함하는 가장 작은 부분공간인가?","주어진 벡터로 만들 수 있는 범위를 정함","실수 m×n 행렬 | 열공간 기저는 원래 행렬의 피벗 열 | 공역은 Rᵐ으로 명시한다.","원래 열과 RREF행: 기저의 선택 | 자유변수 벡터: 영공간 | 차원·직교 잔차: 네 공간의 관계","4.3: printed 220; PDF 234","작은 유한차원 수치 예제이다. 일반 정리·정확한 기호 판정·증명은 원문 조건과 구별한다. | 유한차원 수치 관찰이며 일반 함수·모든 차원의 기호 증명이 아니다.",""
"1:LI","선형독립","기존 틀로 대응","중복 방향과 함수의 독립성은 어떻게 다른 증거를 요구하는가?","중복 방향과 함수의 독립성은 어떻게 다른 증거를 요구하는가?","벡터 사이의 중복을 판별함","실수 m×n 행렬 | 열공간 기저는 원래 행렬의 피벗 열 | 공역은 Rᵐ으로 명시한다.","원래 열과 RREF행: 기저의 선택 | 자유변수 벡터: 영공간 | 차원·직교 잔차: 네 공간의 관계","4.4: printed 228; PDF 242","작은 유한차원 수치 예제이다. 일반 정리·정확한 기호 판정·증명은 원문 조건과 구별한다. | 유한차원 수치 관찰이며 일반 함수·모든 차원의 기호 증명이 아니다.",""
"1:B","기저와 좌표","기존 틀로 대응","기저가 고정되면 좌표가 왜 유일한가?","기저가 고정되면 좌표가 왜 유일한가?","벡터를 중복 없이 유일하게 표현함","B,C는 가역인 같은 n×n 기저 행렬 | x는 n×1 고정 벡터 | 입력 기저의 벡터를 행렬의 열로 넣는다.","기저 벡터: 같은 공간의 방향 | 좌표 열: 선택한 기저의 계수 | C⁻¹B: 좌표 사이의 전이","4.5: printed 238; PDF 252","작은 유한차원 수치 예제이다. 일반 정리·정확한 기호 판정·증명은 원문 조건과 구별한다. | 유한차원 수치 관찰이며 일반 함수·모든 차원의 기호 증명이 아니다.",""
"1:DIM","차원","기존 틀로 대응","독립성과 생성에 관한 기준은 차원을 알고 있을 때 어떻게 단순해지는가?","독립성과 생성에 관한 기준은 차원을 알고 있을 때 어떻게 단순해지는가?","공간을 표현하는 데 필요한 독립 방향 수를 셈","실수 m×n 행렬 | 열공간 기저는 원래 행렬의 피벗 열 | 공역은 Rᵐ으로 명시한다.","원래 열과 RREF행: 기저의 선택 | 자유변수 벡터: 영공간 | 차원·직교 잔차: 네 공간의 관계","4.6: printed 248; PDF 262","작은 유한차원 수치 예제이다. 일반 정리·정확한 기호 판정·증명은 원문 조건과 구별한다. | 유한차원 수치 관찰이며 일반 함수·모든 차원의 기호 증명이 아니다.",""
"1:CB","기저변환","기존 틀로 대응","벡터를 고정한 기저변환에서 어느 좌표가 어느 좌표로 가는가?","벡터를 고정한 기저변환에서 어느 좌표가 어느 좌표로 가는가?","같은 벡터를 다른 좌표로 표현함","B,C는 가역인 같은 n×n 기저 행렬 | x는 n×1 고정 벡터 | 입력 기저의 벡터를 행렬의 열로 넣는다.","기저 벡터: 같은 공간의 방향 | 좌표 열: 선택한 기저의 계수 | C⁻¹B: 좌표 사이의 전이","4.7: printed 256; PDF 270","작은 유한차원 수치 예제이다. 일반 정리·정확한 기호 판정·증명은 원문 조건과 구별한다. | 유한차원 수치 관찰이며 일반 함수·모든 차원의 기호 증명이 아니다.",""
"1:FS","행·열·영·왼쪽 영공간","기존 틀로 대응","행 연산으로 보존되는 공간과 원래 열에서 가져와야 하는 공간은 무엇인가?","행 연산으로 보존되는 공간과 원래 열에서 가져와야 하는 공간은 무엇인가?","해의 가능성과 사라지는 방향을 구별함","실수 m×n 행렬 | 열공간 기저는 원래 행렬의 피벗 열 | 공역은 Rᵐ으로 명시한다.","원래 열과 RREF행: 기저의 선택 | 자유변수 벡터: 영공간 | 차원·직교 잔차: 네 공간의 관계","4.8: printed 263; PDF 277","작은 유한차원 수치 예제이다. 일반 정리·정확한 기호 판정·증명은 원문 조건과 구별한다. | 유한차원 수치 관찰이며 일반 함수·모든 차원의 기호 증명이 아니다.",""
"1:R","계수와 영공간 차원","기존 틀로 대응","계수와 영차수는 행렬의 입력·출력 차원을 어떻게 나누는가?","계수와 영차수는 행렬의 입력·출력 차원을 어떻게 나누는가?","유효한 방향과 자유도를 연결함","실수 m×n 행렬 | 열공간 기저는 원래 행렬의 피벗 열 | 공역은 Rᵐ으로 명시한다.","원래 열과 RREF행: 기저의 선택 | 자유변수 벡터: 영공간 | 차원·직교 잔차: 네 공간의 관계","4.9: printed 276; PDF 290","작은 유한차원 수치 예제이다. 일반 정리·정확한 기호 판정·증명은 원문 조건과 구별한다. | 유한차원 수치 관찰이며 일반 함수·모든 차원의 기호 증명이 아니다.",""
"2:D","행렬식","기존 틀로 대응","여인수 행렬과 열을 바꾼 행렬은 역행렬과 유일해에 어떻게 연결되는가?","여인수 행렬과 열을 바꾼 행렬은 역행렬과 유일해에 어떻게 연결되는가?","특정 행렬이 가역성을 잃는지 판별함","실수 정사각행렬의 행렬식 · 이 가족은 A=[[1,1],[0,t]] | 원벡터 x=(1,1)과 단위 정사각형 고정 · 단위 없는 벡터 | 역행렬은 t≠0일 때만 정의된다.","행렬의 성분: 변환 규칙 | 정사각형과 그 상: 넓이·방향 | 행렬식·rank·역행렬: 같은 t의 조건 판단","2.3: printed 133; PDF 147","2차원 예제는 모든 차원의 행렬식 정리에 대한 증명이 아니다. | 유한차원 수치 관찰이며 일반 함수·모든 차원의 기호 증명이 아니다.",""
"2:EV","고유값·고유벡터·고유공간","기존 틀로 대응","고유값에 대응하는 방향 전체는 어떻게 얻는가?","고유값에 대응하는 방향 전체는 어떻게 얻는가?","방향이 유지되는 벡터와 그 배율을 찾음","실수 2×2 입력 · 선택 체는 실수 또는 복소수로 구별 | 고유벡터는 0이 아니어야 한다. | n차원에서 독립인 고유벡터 n개가 대각화 조건이다.","특성다항식: 근 | A−λI: 고유공간 | v·Av: 방향과 배율","5.1: printed 291; PDF 305","반복 고유값이나 거의 중복인 근에서는 수치 차원 판정과 정확한 기호 판단을 구별한다. | 유한차원 수치 관찰이며 일반 함수·모든 차원의 기호 증명이 아니다.",""
"2:CP","특성다항식과 중복도","기존 틀로 대응","특성다항식의 반복 근은 독립 고유벡터 수를 보장하는가?","특성다항식의 반복 근은 독립 고유벡터 수를 보장하는가?","고유값의 반복과 고유공간의 크기를 비교함","실수 2×2 입력 · 선택 체는 실수 또는 복소수로 구별 | 고유벡터는 0이 아니어야 한다. | n차원에서 독립인 고유벡터 n개가 대각화 조건이다.","특성다항식: 근 | A−λI: 고유공간 | v·Av: 방향과 배율","5.1: printed 291; PDF 305 | 5.2: printed 301; PDF 315","반복 고유값이나 거의 중복인 근에서는 수치 차원 판정과 정확한 기호 판단을 구별한다. | 유한차원 수치 관찰이며 일반 함수·모든 차원의 기호 증명이 아니다.",""
"2:B","기저와 좌표","기존 틀로 대응","기저가 고정되면 좌표가 왜 유일한가?","기저가 고정되면 좌표가 왜 유일한가?","공간을 독립 방향으로 표현함","B,C는 가역인 같은 n×n 기저 행렬 | x는 n×1 고정 벡터 | 입력 기저의 벡터를 행렬의 열로 넣는다.","기저 벡터: 같은 공간의 방향 | 좌표 열: 선택한 기저의 계수 | C⁻¹B: 좌표 사이의 전이","4.5: printed 238; PDF 252","작은 유한차원 수치 예제이다. 일반 정리·정확한 기호 판정·증명은 원문 조건과 구별한다. | 유한차원 수치 관찰이며 일반 함수·모든 차원의 기호 증명이 아니다.",""
"2:DG","대각화","기존 틀로 대응","닮음과 대각화는 같은 작용의 어떤 정보를 보존하는가?","닮음과 대각화는 같은 작용의 어떤 정보를 보존하는가?","고유벡터 기저로 작용을 방향별 배율로 바꿈","실수 정사각 입력; 결과의 실수·복소수를 구별 | 비영 독립 고유벡터가 n개 필요 | 반복 고유값만으로 대각화 여부를 확정하지 않는다.","고유쌍: 방향과 배율 | P: 고유벡터를 열로 배열 | D·P⁻¹AP: 같은 작용의 좌표 표현","5.2: printed 301; PDF 315","작은 유한차원 수치 예제이다. 일반 정리·정확한 기호 판정·증명은 원문 조건과 구별한다. | 유한차원 수치 관찰이며 일반 함수·모든 차원의 기호 증명이 아니다.",""
"2:C","복소수 연산·켤레·극형식","기존 틀로 대응","복소수의 성분·켤레·극형식은 어떤 같은 대상을 나타내는가?","복소수의 성분·켤레·극형식은 어떤 같은 대상을 나타내는가?","실수 밖의 근과 회전·거듭제곱을 다룸","z=1+ti ≠0 · w=1−i | 복소평면 가로=실수부, 세로=허수부 | 책의 내적은 첫 인자에 선형, 둘째 인자에 켤레","z·켤레·곱: 평면 대응 | 극형식·거듭제곱: 길이·편각 | 켤레전치 식: 복소 구조의 조건","5.3: printed 311; PDF 325 | Appendix B: printed A5; PDF 563","일반 복소 공간·에르미트·유니터리·정규행렬의 계산은 이 스칼라 관찰로 완결하지 않는다. | 유한차원 수치 관찰이며 일반 함수·모든 차원의 기호 증명이 아니다.",""
"2:CV","복소 벡터공간","기존 틀로 대응","복소 스칼라와 켤레를 도입하면 무엇이 달라지는가?","복소 스칼라와 켤레를 도입하면 무엇이 달라지는가?","복소 성분과 고유벡터를 같은 선형 구조로 다룸","복소 성분 예: 1+2i · 최대6×6 | 세 행렬 조건은 정사각행렬에서 판단 | 복소 내적은 첫 인자에 선형인 교재 관례","A와 A*: 성분의 켤레·전치 | A*A와 AA*: 순서의 대응 | 조건별 잔차: 서로 다른 행렬 성질","5.3: printed 311; PDF 325","작은 유한차원 수치 예제이다. 일반 정리·정확한 기호 판정·증명은 원문 조건과 구별한다. | 유한차원 수치 관찰이며 일반 함수·모든 차원의 기호 증명이 아니다.",""
"2:ROT","복소 고유값의 기하","기존 틀로 대응","복소 켤레 고유값의 회전·배율은 어느 좌표에서 보이는가?","복소 켤레 고유값의 회전·배율은 어느 좌표에서 보이는가?","실수 평면의 회전과 확대·축소를 설명함","z=1+ti ≠0 · w=1−i | 복소평면 가로=실수부, 세로=허수부 | 책의 내적은 첫 인자에 선형, 둘째 인자에 켤레","z·켤레·곱: 평면 대응 | 극형식·거듭제곱: 길이·편각 | 켤레전치 식: 복소 구조의 조건","5.3: printed 311; PDF 325","일반 복소 공간·에르미트·유니터리·정규행렬의 계산은 이 스칼라 관찰로 완결하지 않는다. | 유한차원 수치 관찰이며 일반 함수·모든 차원의 기호 증명이 아니다.",""
"2:DE","선형 미분방정식계","기존 틀로 대응","대각화한 미분방정식과 초기 조건은 어떻게 연결되는가?","대각화한 미분방정식과 초기 조건은 어떻게 연결되는가?","연속적인 변화를 고유방향별로 분석함","실수 정사각행렬 | 초기 상태는 같은 차원의 한 열 | 이산 단계와 연속 시간은 별도 축","이산 상태: A를 반복 적용 | 연속 상태: 행렬지수 해 | 초기 상태·성분: 두 표현의 동일 대상","5.4: printed 323; PDF 337","작은 유한차원 수치 예제이다. 일반 정리·정확한 기호 판정·증명은 원문 조건과 구별한다. | 유한차원 수치 관찰이며 일반 함수·모든 차원의 기호 증명이 아니다.",""
"2:DS","이산 동역학","기존 틀로 대응","같은 초기 상태는 이산 반복에서 어떤 고유성분으로 변하는가?","같은 초기 상태는 이산 반복에서 어떤 고유성분으로 변하는가?","행렬의 반복 작용으로 장기 변화를 분석함","실수 정사각행렬 | 초기 상태는 같은 차원의 한 열 | 이산 단계와 연속 시간은 별도 축","이산 상태: A를 반복 적용 | 연속 상태: 행렬지수 해 | 초기 상태·성분: 두 표현의 동일 대상","5.5: printed 329; PDF 343","작은 유한차원 수치 예제이다. 일반 정리·정확한 기호 판정·증명은 원문 조건과 구별한다. | 유한차원 수치 관찰이며 일반 함수·모든 차원의 기호 증명이 아니다.",""
"2:MK","마르코프 연쇄","기존 틀로 대응","전이의 확률 조건과 장기 수렴 조건은 어떻게 다른가?","전이의 확률 조건과 장기 수렴 조건은 어떻게 다른가?","확률의 이동과 정상분포를 다룸","A=[[1−p,1/4],[p,3/4]] · p∈[0,1] | 열 합 1 · 비음수 · 초기 x₀=(1,0) | 정규성은 양의 원소를 갖는 거듭제곱의 존재","열 전이행렬: 확률 이동 | 같은 단계의 두 확률: 분포 | 정상분포·총확률: 조건·보존","5.5: printed 329; PDF 343","일반 마르코프 연쇄 전체가 항상 같은 방식으로 수렴한다고 말하지 않는다. | 유한차원 수치 관찰이며 일반 함수·모든 차원의 기호 증명이 아니다.",""
"3:N","노름·내적·거리","기존 틀로 대응","길이·거리·각도는 내적에서 어떤 조건으로 얻어지는가?","길이·거리·각도는 내적에서 어떤 조건으로 얻어지는가?","벡터 사이의 가까움을 측정함","실수 유클리드 내적 | u=(1,t)≠0 · b=(2,1) 고정 | 부분공간 W=span(u)","u·b·p·r: 같은 벡터의 분해 | 정사영 식: 내적과 분모 조건 | 잔차 내적·노름: 직교와 최선근사","3.2: printed 158; PDF 172","일반 가중·함수 내적은 이 유클리드 예제와 구별한다. | 유한차원 수치 관찰이며 일반 함수·모든 차원의 기호 증명이 아니다.",""
"3:IP","일반 내적","기존 틀로 대응","측정 규칙을 바꿀 때 어떤 공리를 보존해야 내적인가?","측정 규칙을 바꿀 때 어떤 공리를 보존해야 내적인가?","벡터·행렬·함수에 맞는 측정 규칙을 정함","G는 실수 대칭 양정치 | u,v는 G와 같은 차원 | 0벡터와의 각도는 정의하지 않는다.","G: 내적의 측정 규칙 | 내적·노름·각도: 같은 벡터의 측정 | 정사영 잔차: 선택한 내적에서의 직교","6.1: printed 341; PDF 355","작은 유한차원 수치 예제이다. 일반 정리·정확한 기호 판정·증명은 원문 조건과 구별한다. | 유한차원 수치 관찰이며 일반 함수·모든 차원의 기호 증명이 아니다.",""
"3:IN","내적에서의 길이·각도·직교","기존 틀로 대응","부등식과 직교 여공간은 어떤 측정 조건을 공유하는가?","부등식과 직교 여공간은 어떤 측정 조건을 공유하는가?","코시-슈바르츠와 삼각부등식으로 기하를 유지함","G는 실수 대칭 양정치 | u,v는 G와 같은 차원 | 0벡터와의 각도는 정의하지 않는다.","G: 내적의 측정 규칙 | 내적·노름·각도: 같은 벡터의 측정 | 정사영 잔차: 선택한 내적에서의 직교","6.2: printed 352; PDF 366","작은 유한차원 수치 예제이다. 일반 정리·정확한 기호 판정·증명은 원문 조건과 구별한다. | 유한차원 수치 관찰이며 일반 함수·모든 차원의 기호 증명이 아니다.",""
"3:B","기저와 좌표","기존 틀로 대응","기저가 고정되면 좌표가 왜 유일한가?","기저가 고정되면 좌표가 왜 유일한가?","공간을 유일하게 표현함","B,C는 가역인 같은 n×n 기저 행렬 | x는 n×1 고정 벡터 | 입력 기저의 벡터를 행렬의 열로 넣는다.","기저 벡터: 같은 공간의 방향 | 좌표 열: 선택한 기저의 계수 | C⁻¹B: 좌표 사이의 전이","4.5: printed 238; PDF 252","작은 유한차원 수치 예제이다. 일반 정리·정확한 기호 판정·증명은 원문 조건과 구별한다. | 유한차원 수치 관찰이며 일반 함수·모든 차원의 기호 증명이 아니다.",""
"3:GS","정규직교 기저와 그람-슈미트","기존 틀로 대응","같은 내적에서 앞선 방향을 제거하면 생성 구조는 어떻게 유지되는가?","같은 내적에서 앞선 방향을 제거하면 생성 구조는 어떻게 유지되는가?","기저를 서로 수직인 단위벡터로 바꿈","독립인 열 A · 같은 행 차원의 대칭 양정치 G | QᵀGQ=I · 유클리드 직교와 구별","A의 열: 순서 있는 방향 | G: 측정 규칙 | Q,R: 직교 기저와 같은 생성공간","6.3: printed 361; PDF 375","작은 유한차원 수치 예제이다. 일반 정리·정확한 기호 판정·증명은 원문 조건과 구별한다. | 유한차원 수치 관찰이며 일반 함수·모든 차원의 기호 증명이 아니다.",""
"3:PR","부분공간 정사영과 최선근사","기존 틀로 대응","유일한 정사영과 비유일한 표현계수는 왜 동시에 존재할 수 있는가?","유일한 정사영과 비유일한 표현계수는 왜 동시에 존재할 수 있는가?","주어진 공간에서 가장 가까운 벡터를 찾음","실수 유클리드 내적 | A의 열이 생성하는 부분공간 | 종속 열도 허용; b는 한 열","Q·P_W: 부분공간과 정사영 | b,p,r: 벡터의 분해 | x₀+Null(A): 최소제곱 계수의 해집합","6.4: printed 376; PDF 390","작은 유한차원 수치 예제이다. 일반 정리·정확한 기호 판정·증명은 원문 조건과 구별한다. | 유한차원 수치 관찰이며 일반 함수·모든 차원의 기호 증명이 아니다.",""
"3:QR","QR 분해","기존 틀로 대응","직교화의 투영계수는 삼각행렬의 어떤 성분이 되는가?","직교화의 투영계수는 삼각행렬의 어떤 성분이 되는가?","열벡터의 직교화와 좌표 계수를 분리함","실수 행렬의 열들이 선형독립 | 얇은 Q는 QᵀQ=I · 직사각 Q에 QQᵀ=I를 강제하지 않는다.","A: 원래 열 | qⱼ 장면: 순서대로 직교화 | Q·R·재구성 오차: 방향과 계수","6.3: printed 361; PDF 375","수정 그람–슈미트의 수치 계산이며 모든 조건수에서의 안정성을 보장하지 않는다. | 유한차원 수치 관찰이며 일반 함수·모든 차원의 기호 증명이 아니다.",""
"3:LS","최소제곱과 정규방정식","기존 틀로 대응","해가 없는 선형계에서 무엇을 최소화하고 어떤 해집합을 얻는가?","해가 없는 선형계에서 무엇을 최소화하고 어떤 해집합을 얻는가?","정확한 해가 없어도 잔차의 크기를 최소화함","실수 유클리드 내적 | A의 열이 생성하는 부분공간 | 종속 열도 허용; b는 한 열","Q·P_W: 부분공간과 정사영 | b,p,r: 벡터의 분해 | x₀+Null(A): 최소제곱 계수의 해집합","6.4: printed 376; PDF 390","작은 유한차원 수치 예제이다. 일반 정리·정확한 기호 판정·증명은 원문 조건과 구별한다. | 유한차원 수치 관찰이며 일반 함수·모든 차원의 기호 증명이 아니다.",""
"3:MODEL","최소제곱 모형","기존 틀로 대응","자료의 잔차와 모형의 열은 무엇을 최소화하는가?","자료의 잔차와 모형의 열은 무엇을 최소화하는가?","직선·다항식·변환된 자료에 모형을 맞춤","각 행이 x,y 표본쌍 | 다항식 차수0~4 · 유한 표본만 적합 | 초기 표본은 설명용; 실제 단위·관측 여부는 추정하지 않는다.","표본: 입력 자료 | 모형 열: 1,x,… | 잔차와 정규방정식: 적합 관계","6.5: printed 385; PDF 399","작은 유한차원 수치 예제이다. 일반 정리·정확한 기호 판정·증명은 원문 조건과 구별한다. | 유한차원 수치 관찰이며 일반 함수·모든 차원의 기호 증명이 아니다.",""
"3:FUNC","함수공간의 내적","기존 틀로 대응","함수의 적분 내적에서 직교화와 최선근사는 어떻게 연결되는가?","함수의 적분 내적에서 직교화와 최선근사는 어떻게 연결되는가?","구간 전체에서 함수의 차이를 측정함","각 행은 낮은 차수부터의 다항식 계수 · 비교 방식은 두 행 | 구간[−1,1]의 적분 내적 · 직교화에는 독립 조건 | 최선근사는 첫 행의 함수를 차수 n 이하 공간에 투영","계수와 함수곡선: 같은 대상 | 해석적 적분: 내적·노름·거리 | 직교화·정사영: 함수 공간의 관계","6.6: printed 392; PDF 406","작은 유한차원 수치 예제이다. 일반 정리·정확한 기호 판정·증명은 원문 조건과 구별한다. | 유한차원 수치 관찰이며 일반 함수·모든 차원의 기호 증명이 아니다.",""
"3:FOUR","푸리에 근사와 급수","기존 틀로 대응","같은 직교계수는 유한 근사와 무한급수에서 어떻게 다르게 쓰이는가?","같은 직교계수는 유한 근사와 무한급수에서 어떻게 다르게 쓰이는가?","함수를 직교 삼각함수 성분으로 표현함","[0,2π] 적분 내적 · 한 행의 다항식 계수 | 유한 차수0~15 · 끝점의 주기 연장 구별","다항식: 원함수 | aₙ,bₙ: 직교 성분의 계수 | 부분합·적분 오차: 유한 최선근사","6.6: printed 392; PDF 406","작은 유한차원 수치 예제이다. 일반 정리·정확한 기호 판정·증명은 원문 조건과 구별한다. | 유한차원 수치 관찰이며 일반 함수·모든 차원의 기호 증명이 아니다.",""
"4:GS","정규직교 기저","기존 틀로 대응","같은 내적에서 앞선 방향을 제거하면 생성 구조는 어떻게 유지되는가?","같은 내적에서 앞선 방향을 제거하면 생성 구조는 어떻게 유지되는가?","서로 수직인 단위 방향으로 공간을 표현함","독립인 열 A · 같은 행 차원의 대칭 양정치 G | QᵀGQ=I · 유클리드 직교와 구별","A의 열: 순서 있는 방향 | G: 측정 규칙 | Q,R: 직교 기저와 같은 생성공간","6.3: printed 361; PDF 375","작은 유한차원 수치 예제이다. 일반 정리·정확한 기호 판정·증명은 원문 조건과 구별한다. | 유한차원 수치 관찰이며 일반 함수·모든 차원의 기호 증명이 아니다.",""
"4:Q","직교행렬","기존 틀로 대응","길이를 보존하는 작용과 축을 돌리는 좌표변환은 어떻게 다른가?","길이를 보존하는 작용과 축을 돌리는 좌표변환은 어떻게 다른가?","길이와 내적을 보존하며 좌표를 바꿈","2×2 또는3×3 실수 행렬과 같은 차원의 벡터 | 축 회전은3차원 · 오른손 좌표계의 능동 회전","원도형과 상: 대응 모서리 | 입력 벡터와 상: 동일 대상 | 직교 잔차: 길이 보존 조건","7.1: printed 399; PDF 413","작은 유한차원 수치 예제이다. 일반 정리·정확한 기호 판정·증명은 원문 조건과 구별한다. | 유한차원 수치 관찰이며 일반 함수·모든 차원의 기호 증명이 아니다.",""
"4:DG","대각화","기존 틀로 대응","닮음과 대각화는 같은 작용의 어떤 정보를 보존하는가?","닮음과 대각화는 같은 작용의 어떤 정보를 보존하는가?","행렬의 작용을 방향별 배율로 분리함","실수 정사각 입력; 결과의 실수·복소수를 구별 | 비영 독립 고유벡터가 n개 필요 | 반복 고유값만으로 대각화 여부를 확정하지 않는다.","고유쌍: 방향과 배율 | P: 고유벡터를 열로 배열 | D·P⁻¹AP: 같은 작용의 좌표 표현","5.2: printed 301; PDF 315","작은 유한차원 수치 예제이다. 일반 정리·정확한 기호 판정·증명은 원문 조건과 구별한다. | 유한차원 수치 관찰이며 일반 함수·모든 차원의 기호 증명이 아니다.",""
"4:SYM","대칭행렬과 직교 대각화","기존 틀로 대응","대칭이라는 조건은 왜 정규직교 고유기저를 보장하는가?","대칭이라는 조건은 왜 정규직교 고유기저를 보장하는가?","실수 고유값과 정규직교 고유기저를 얻음","실수 대칭 n×n | 단위구면의 극값과 일반 함수의 임계점은 구별 | 반정치 헤시안만으로 국소 극값을 확정하지 않는다.","Q,D: 정규직교 고유기저 | λᵢuᵢuᵢᵀ: 투영과 배율 | 최대·최소 고유값: 단위구면의 극값","7.2: printed 408; PDF 422","작은 유한차원 수치 예제이다. 일반 정리·정확한 기호 판정·증명은 원문 조건과 구별한다. | 유한차원 수치 관찰이며 일반 함수·모든 차원의 기호 증명이 아니다.",""
"4:SPEC","스펙트럼 분해","기존 틀로 대응","고유방향의 정사영들을 합하면 같은 행렬의 작용을 얻는가?","고유방향의 정사영들을 합하면 같은 행렬의 작용을 얻는가?","행렬을 고유방향의 투영과 배율로 나눔","실수 대칭 n×n | 단위구면의 극값과 일반 함수의 임계점은 구별 | 반정치 헤시안만으로 국소 극값을 확정하지 않는다.","Q,D: 정규직교 고유기저 | λᵢuᵢuᵢᵀ: 투영과 배율 | 최대·최소 고유값: 단위구면의 극값","7.2: printed 408; PDF 422","작은 유한차원 수치 예제이다. 일반 정리·정확한 기호 판정·증명은 원문 조건과 구별한다. | 유한차원 수치 관찰이며 일반 함수·모든 차원의 기호 증명이 아니다.",""
"4:TRI","직교 삼각화·헤센베르크 형태","기존 틀로 대응","직교 닮음으로 만들 수 있는 삼각형과 헤센베르크 형태는 어떤 조건에서 다른가?","직교 닮음으로 만들 수 있는 삼각형과 헤센베르크 형태는 어떤 조건에서 다른가?","대각화가 어려운 계산도 단순한 형태로 바꿈","헤센베르크: 일반 실수 정사각행렬 | 실수 상삼각 슈어: 실수 고유값 조건 | H의 대각 성분을 일반적으로 고유값으로 읽지 않는다.","직교 P: 기저의 변화 | H 또는 S: 제거되는 영역 | 분해 단계·재구성: 같은 작용의 보존","7.2: printed 408; PDF 422","작은 유한차원 수치 예제이다. 일반 정리·정확한 기호 판정·증명은 원문 조건과 구별한다. | 유한차원 수치 관찰이며 일반 함수·모든 차원의 기호 증명이 아니다.",""
"4:QUAD","이차형식과 주축","기존 틀로 대응","이차형식의 교차항은 주축에서 어떻게 사라지는가?","이차형식의 교차항은 주축에서 어떻게 사라지는가?","교차항을 없애 곡선·곡면의 방향을 찾음","실수 대칭 2×2 | 그래프는 q(x)=xᵀAx 자체 | 일반 함수 최적화는 임계점·헤시안 조건을 별도로 확인한다.","A·Q·D: 기저 대응 | q의 곡면: 부호·모양 | 고유값: 방향별 배율","7.3: printed 416; PDF 430","반정치 헤시안만으로 일반 함수의 극값을 확정하지 않는다. | 유한차원 수치 관찰이며 일반 함수·모든 차원의 기호 증명이 아니다.",""
"4:DEF","양정치·음정치·부정치","기존 틀로 대응","정부호·준정부호·부정치는 어떤 부호 범위를 구별하는가?","정부호·준정부호·부정치는 어떤 부호 범위를 구별하는가?","이차형식의 부호와 모양을 판별함","실수 대칭 2×2 | 그래프는 q(x)=xᵀAx 자체 | 일반 함수 최적화는 임계점·헤시안 조건을 별도로 확인한다.","A·Q·D: 기저 대응 | q의 곡면: 부호·모양 | 고유값: 방향별 배율","7.3: printed 416; PDF 430","반정치 헤시안만으로 일반 함수의 극값을 확정하지 않는다. | 유한차원 수치 관찰이며 일반 함수·모든 차원의 기호 증명이 아니다.",""
"4:OPT","이차형식의 최적화","기존 틀로 대응","단위구면의 극값과 함수의 임계점 판단은 어떤 다른 가정을 요구하는가?","단위구면의 극값과 함수의 임계점 판단은 어떤 다른 가정을 요구하는가?","단위구면의 극값과 국소 극값을 판별함","실수 대칭 n×n | 단위구면의 극값과 일반 함수의 임계점은 구별 | 반정치 헤시안만으로 국소 극값을 확정하지 않는다.","Q,D: 정규직교 고유기저 | λᵢuᵢuᵢᵀ: 투영과 배율 | 최대·최소 고유값: 단위구면의 극값","7.4: printed 429; PDF 443","작은 유한차원 수치 예제이다. 일반 정리·정확한 기호 판정·증명은 원문 조건과 구별한다. | 유한차원 수치 관찰이며 일반 함수·모든 차원의 기호 증명이 아니다.",""
"4:AD","켤레전치","기존 틀로 대응","복소 행렬의 켤레전치는 어떤 순서와 스칼라 법칙을 갖는가?","복소 행렬의 켤레전치는 어떤 순서와 스칼라 법칙을 갖는가?","복소 행렬에서 전치와 켤레를 함께 적용함","복소 성분 예: 1+2i · 최대6×6 | 세 행렬 조건은 정사각행렬에서 판단 | 복소 내적은 첫 인자에 선형인 교재 관례","A와 A*: 성분의 켤레·전치 | A*A와 AA*: 순서의 대응 | 조건별 잔차: 서로 다른 행렬 성질","7.5: printed 436; PDF 450","작은 유한차원 수치 예제이다. 일반 정리·정확한 기호 판정·증명은 원문 조건과 구별한다. | 유한차원 수치 관찰이며 일반 함수·모든 차원의 기호 증명이 아니다.",""
"4:HUN","에르미트·유니터리·정규행렬","기존 틀로 대응","에르미트·유니터리·정규는 어떤 고유기저 조건을 구별하는가?","에르미트·유니터리·정규는 어떤 고유기저 조건을 구별하는가?","복소수에서 대칭·직교·대각화 구조를 확장함","복소 성분 예: 1+2i · 최대6×6 | 세 행렬 조건은 정사각행렬에서 판단 | 복소 내적은 첫 인자에 선형인 교재 관례","A와 A*: 성분의 켤레·전치 | A*A와 AA*: 순서의 대응 | 조건별 잔차: 서로 다른 행렬 성질","7.5: printed 436; PDF 450","작은 유한차원 수치 예제이다. 일반 정리·정확한 기호 판정·증명은 원문 조건과 구별한다. | 유한차원 수치 관찰이며 일반 함수·모든 차원의 기호 증명이 아니다.",""
"5:VS","일반 벡터공간","정적 설명 적합","일반 공간의 대상과 연산은 선형변환의 정의에서 어떻게 다시 쓰이는가?","일반 공간의 대상과 연산은 선형변환의 정의에서 어떻게 다시 쓰이는가?","행렬·다항식·함수의 공통 선형 구조를 다룸","원문의 대상·체·정의역·가정과 결론을 구별한다.","문장·수식: 정의·조건 | 연결도: 다른 개념에서 다시 쓰이는 관계","4.1: printed 202; PDF 216","도식이나 여러 사례를 증명으로 처리하지 않는다. | 유한차원 수치 관찰이며 일반 함수·모든 차원의 기호 증명이 아니다.",""
"5:T","일반 선형변환","기존 틀로 대응","좌표를 쓰기 전 일반 대상의 선형성을 어떻게 정의하는가?","좌표를 쓰기 전 일반 대상의 선형성을 어떻게 정의하는가?","덧셈과 스칼라배를 보존하며 공간 사이를 연결함","다항식은 낮은 차수부터 한 행 | 행렬은 행 우선 순서의 위치별 표준기저 | 동형만으로 내적 보존을 가정하지 않는다.","원래 대상: 다항식·행렬 | 좌표 열: 선택한 표준기저 | 미분: 계수의 이동과 배율","8.1: printed 446; PDF 460","작은 유한차원 수치 예제이다. 일반 정리·정확한 기호 판정·증명은 원문 조건과 구별한다. | 유한차원 수치 관찰이며 일반 함수·모든 차원의 기호 증명이 아니다.",""
"5:KR","핵과 상","기존 틀로 대응","행 연산으로 보존되는 공간과 원래 열에서 가져와야 하는 공간은 무엇인가?","행 연산으로 보존되는 공간과 원래 열에서 가져와야 하는 공간은 무엇인가?","사라지는 입력과 만들어지는 출력을 구별함","실수 m×n 행렬 | 열공간 기저는 원래 행렬의 피벗 열 | 공역은 Rᵐ으로 명시한다.","원래 열과 RREF행: 기저의 선택 | 자유변수 벡터: 영공간 | 차원·직교 잔차: 네 공간의 관계","8.1: printed 446; PDF 460","작은 유한차원 수치 예제이다. 일반 정리·정확한 기호 판정·증명은 원문 조건과 구별한다. | 유한차원 수치 관찰이며 일반 함수·모든 차원의 기호 증명이 아니다.",""
"5:IO","단사와 전사","기존 틀로 대응","단사·전사와 역함수의 정의역은 어떤 차이가 있는가?","단사·전사와 역함수의 정의역은 어떤 차이가 있는가?","입력의 구별과 출력의 도달 가능성을 판별함","실수 m×n 행렬 | 열공간 기저는 원래 행렬의 피벗 열 | 공역은 Rᵐ으로 명시한다.","원래 열과 RREF행: 기저의 선택 | 자유변수 벡터: 영공간 | 차원·직교 잔차: 네 공간의 관계","8.1: printed 446; PDF 460 | 8.2: printed 459; PDF 473","작은 유한차원 수치 예제이다. 일반 정리·정확한 기호 판정·증명은 원문 조건과 구별한다. | 유한차원 수치 관찰이며 일반 함수·모든 차원의 기호 증명이 아니다.",""
"5:CI","합성과 역변환","기존 틀로 대응","합성의 중간 공간과 역의 범위는 어떻게 유지되는가?","합성의 중간 공간과 역의 범위는 어떻게 유지되는가?","변환을 이어 적용하고 입력을 복원함","곱의 안쪽 차원 조건 | T_A∘T_B는 먼저 B, 다음 A","행렬 A,B: 두 작용 | ABx·BAx: 순서의 차이 | x와 중간 상: 동일 대상의 과정","8.2: printed 459; PDF 473","작은 유한차원 수치 예제이다. 일반 정리·정확한 기호 판정·증명은 원문 조건과 구별한다. | 유한차원 수치 관찰이며 일반 함수·모든 차원의 기호 증명이 아니다.",""
"5:ISO","동형사상","기존 틀로 대응","좌표 열과 다항식·행렬이 어떤 의미에서 같은 선형 구조인가?","좌표 열과 다항식·행렬이 어떤 의미에서 같은 선형 구조인가?","서로 다른 공간의 선형 구조가 같음을 보임","다항식은 낮은 차수부터 한 행 | 행렬은 행 우선 순서의 위치별 표준기저 | 동형만으로 내적 보존을 가정하지 않는다.","원래 대상: 다항식·행렬 | 좌표 열: 선택한 표준기저 | 미분: 계수의 이동과 배율","8.3: printed 471; PDF 485","작은 유한차원 수치 예제이다. 일반 정리·정확한 기호 판정·증명은 원문 조건과 구별한다. | 유한차원 수치 관찰이며 일반 함수·모든 차원의 기호 증명이 아니다.",""
"5:B","기저와 좌표","기존 틀로 대응","기저가 고정되면 좌표가 왜 유일한가?","기저가 고정되면 좌표가 왜 유일한가?","추상적인 벡터를 성분으로 표현함","B,C는 가역인 같은 n×n 기저 행렬 | x는 n×1 고정 벡터 | 입력 기저의 벡터를 행렬의 열로 넣는다.","기저 벡터: 같은 공간의 방향 | 좌표 열: 선택한 기저의 계수 | C⁻¹B: 좌표 사이의 전이","4.5: printed 238; PDF 252","작은 유한차원 수치 예제이다. 일반 정리·정확한 기호 판정·증명은 원문 조건과 구별한다. | 유한차원 수치 관찰이며 일반 함수·모든 차원의 기호 증명이 아니다.",""
"5:REP","선형변환의 행렬 표현","기존 틀로 대응","변환의 입력 기저와 출력 기저는 표현행렬의 어느 쪽에 작용하는가?","변환의 입력 기저와 출력 기저는 표현행렬의 어느 쪽에 작용하는가?","기저벡터의 상으로 전체 변환을 계산함","입력 기저 B는 정의역, 출력 기저 C는 공역의 가역 기저 | 각 기저 벡터를 열로 넣는다. | 같은 공간에서 B=C일 때 닮음 B⁻¹AB","A: 원래 작용 | C⁻¹AB: 선택한 기저의 표현 | 재구성: 같은 작용의 보존","8.4: printed 477; PDF 491","작은 유한차원 수치 예제이다. 일반 정리·정확한 기호 판정·증명은 원문 조건과 구별한다. | 유한차원 수치 관찰이며 일반 함수·모든 차원의 기호 증명이 아니다.",""
"5:SIM","닮음","기존 틀로 대응","같은 작용을 다시 표현할 때 무엇이 바뀌고 무엇이 보존되는가?","같은 작용을 다시 표현할 때 무엇이 바뀌고 무엇이 보존되는가?","같은 작용의 서로 다른 기저 표현을 연결함","입력 기저 B는 정의역, 출력 기저 C는 공역의 가역 기저 | 각 기저 벡터를 열로 넣는다. | 같은 공간에서 B=C일 때 닮음 B⁻¹AB","A: 원래 작용 | C⁻¹AB: 선택한 기저의 표현 | 재구성: 같은 작용의 보존","8.5: printed 487; PDF 501","작은 유한차원 수치 예제이다. 일반 정리·정확한 기호 판정·증명은 원문 조건과 구별한다. | 유한차원 수치 관찰이며 일반 함수·모든 차원의 기호 증명이 아니다.",""
"5:GEO","행렬 연산자의 기하","기존 틀로 대응","같은 꼭짓점과 방향은 회전·반사·확대·전단에서 어떻게 대응하는가?","같은 꼭짓점과 방향은 회전·반사·확대·전단에서 어떻게 대응하는가?","회전·반사·투영·확대·축소·전단을 설명함","2×2 또는3×3 실수 행렬과 같은 차원의 벡터 | 축 회전은3차원 · 오른손 좌표계의 능동 회전","원도형과 상: 대응 모서리 | 입력 벡터와 상: 동일 대상 | 직교 잔차: 길이 보존 조건","8.6: printed 493; PDF 507","작은 유한차원 수치 예제이다. 일반 정리·정확한 기호 판정·증명은 원문 조건과 구별한다. | 유한차원 수치 관찰이며 일반 함수·모든 차원의 기호 증명이 아니다.",""
"5:AFF","동차좌표와 아핀변환","기존 틀로 대응","평행이동을 동차좌표에 넣을 때 선형성의 대상 공간은 어떻게 달라지는가?","평행이동을 동차좌표에 넣을 때 선형성의 대상 공간은 어떻게 달라지는가?","평행이동도 확장된 행렬 계산에 포함함","마지막 행이 [0,0,1]인 실수3×3 | 평면 좌표 [x,y,1] | 평행이동은 R²의 원점을 보존하지 않는다.","2×2블록: 선형 작용 | 마지막 열: 평행이동 | 원도형·상: 같은 꼭짓점의 대응","8.6: printed 493; PDF 507","작은 유한차원 수치 예제이다. 일반 정리·정확한 기호 판정·증명은 원문 조건과 구별한다. | 유한차원 수치 관찰이며 일반 함수·모든 차원의 기호 증명이 아니다.",""
"6:E","가우스 소거","기존 틀로 대응","행 사다리꼴과 기약 행 사다리꼴은 어느 조건과 단계가 다른가?","행 사다리꼴과 기약 행 사다리꼴은 어느 조건과 단계가 다른가?","행 연산으로 연립방정식을 단순화함","마지막 열은 b, 앞의 열들은 A | 실수 유한 행렬 · 최대 6행·7열 | 교환·0 아닌 배수·다른 행의 배수를 더하는 연산은 해를 유지한다.","확대행렬: 모든 조건 | 행 연산 장면: 실제 순서·근거 | 피벗·해의 상태: 결과 판단","1.2: printed 11; PDF 25","교재의 물리·경제·화학 모델 단위는 입력된 숫자만으로 추정하지 않는다. | 피벗은 상대적 수치 허용오차를 사용한다. | 유한차원 수치 관찰이며 일반 함수·모든 차원의 기호 증명이 아니다.",""
"6:LU","LU·LDU 분해와 피벗 교환","기존 틀로 대응","분해의 교환·배율과 여러 오른쪽 벡터는 어떻게 나뉘어 재사용되는가?","분해의 교환·배율과 여러 오른쪽 벡터는 어떻게 나뉘어 재사용되는가?","소거 과정을 삼각행렬 인수로 저장함","실수 가역 정사각행렬의 수치 분해 | PA=LDU₁ · U₁ 대각은1 | B의 각 열은 별도 오른쪽 벡터","P,L,D,U₁: 연산의 역할 | 전진·후진 대입: 분해 재사용 | AX−B: 여러 해의 재구성","9.1: printed 509; PDF 523","작은 유한차원 수치 예제이다. 일반 정리·정확한 기호 판정·증명은 원문 조건과 구별한다. | 유한차원 수치 관찰이며 일반 함수·모든 차원의 기호 증명이 아니다.",""
"6:COST","해법의 연산량과 수치오차 비교","정적 설명 적합","같은 선형계를 푸는 방법을 어떤 작업량과 오차 기준으로 비교해야 하는가?","같은 선형계를 푸는 방법을 어떤 작업량과 오차 기준으로 비교해야 하는가?","직접 계산·분해·역행렬 사용을 평가함","원문의 대상·체·정의역·가정과 결론을 구별한다.","문장·수식: 정의·조건 | 연결도: 다른 개념에서 다시 쓰이는 관계","9.3: printed 528; PDF 542","도식이나 여러 사례를 증명으로 처리하지 않는다. | 유한차원 수치 관찰이며 일반 함수·모든 차원의 기호 증명이 아니다.",""
"6:EV","고유값·고유벡터","기존 틀로 대응","고유값에 대응하는 방향 전체는 어떻게 얻는가?","고유값에 대응하는 방향 전체는 어떻게 얻는가?","반복 작용에서 유지되는 방향을 찾음","실수 2×2 입력 · 선택 체는 실수 또는 복소수로 구별 | 고유벡터는 0이 아니어야 한다. | n차원에서 독립인 고유벡터 n개가 대각화 조건이다.","특성다항식: 근 | A−λI: 고유공간 | v·Av: 방향과 배율","5.1: printed 291; PDF 305","반복 고유값이나 거의 중복인 근에서는 수치 차원 판정과 정확한 기호 판단을 구별한다. | 유한차원 수치 관찰이며 일반 함수·모든 차원의 기호 증명이 아니다.",""
"6:POW","거듭제곱법과 레일리 몫","기존 틀로 대응","정규화한 반복에서 지배 방향과 레일리 몫은 어떤 조건으로 수렴하는가?","정규화한 반복에서 지배 방향과 레일리 몫은 어떤 조건으로 수렴하는가?","반복 계산으로 지배적인 고유값을 근사함","실수 대칭 정사각행렬 · 비영 초기 벡터 | 양의 지배값의 엄격한 절댓값 우위와 비영 초기 성분은 별도 확인","초기·현재 방향: 반복 상태 | 레일리 몫: 고유값 추정 | 잔차·추정값 변화: 서로 다른 근거","9.2: printed 519; PDF 533","작은 유한차원 수치 예제이다. 일반 정리·정확한 기호 판정·증명은 원문 조건과 구별한다. | 유한차원 수치 관찰이며 일반 함수·모든 차원의 기호 증명이 아니다.",""
"6:O","정규직교 기저와 대칭행렬","기존 틀로 대응","수직 조건과 정사영은 어떤 잔차를 만드는가?","수직 조건과 정사영은 어떤 잔차를 만드는가?","서로 수직인 방향으로 작용을 분리함","실수 유클리드 내적 | u=(1,t)≠0 · b=(2,1) 고정 | 부분공간 W=span(u)","u·b·p·r: 같은 벡터의 분해 | 정사영 식: 내적과 분모 조건 | 잔차 내적·노름: 직교와 최선근사","3.3: printed 172; PDF 186","일반 가중·함수 내적은 이 유클리드 예제와 구별한다. | 유한차원 수치 관찰이며 일반 함수·모든 차원의 기호 증명이 아니다.",""
"6:SV","특이값과 특이벡터","기존 틀로 대응","특이값의 개수·배율과 영공간은 어떤 차원을 갖는가?","특이값의 개수·배율과 영공간은 어떤 차원을 갖는가?","입력 방향별로 출력 배율을 찾음","작은 실수 직사각행렬 | 특이값은 비음수 내림차순 | k≤min(m,n) · 복소수에서는 켤레전치","U·Σ·V: 입력·배율·출력 | Aₖ: 같은 자료의 근사 | 오차·저장 수: 손실과 표현량","9.4: printed 532; PDF 546","한쪽 Jacobi 수치 SVD · 최대80 순회 · 상대 기계 정밀도 이하 특이값은0 처리 | 표본 영상은 종횡비를 유지해 최대32×32의 회색값 행렬로 축소한다. 원영상과 표본·저계수 복원을 구별한다. | 대규모 영상 SVD·무손실 압축·통계적 PCA의 자동 판정을 제공하지 않는다. | 유한차원 수치 관찰이며 일반 함수·모든 차원의 기호 증명이 아니다.",""
"6:SVD","특이값 분해","기존 틀로 대응","다른 입력·출력 직교기저로 직사각 작용을 어떻게 분리하는가?","다른 입력·출력 직교기저로 직사각 작용을 어떻게 분리하는가?","직사각행렬도 입력·배율·출력 방향으로 나눔","작은 실수 직사각행렬 | 특이값은 비음수 내림차순 | k≤min(m,n) · 복소수에서는 켤레전치","U·Σ·V: 입력·배율·출력 | Aₖ: 같은 자료의 근사 | 오차·저장 수: 손실과 표현량","9.4: printed 532; PDF 546","한쪽 Jacobi 수치 SVD · 최대80 순회 · 상대 기계 정밀도 이하 특이값은0 처리 | 표본 영상은 종횡비를 유지해 최대32×32의 회색값 행렬로 축소한다. 원영상과 표본·저계수 복원을 구별한다. | 대규모 영상 SVD·무손실 압축·통계적 PCA의 자동 판정을 제공하지 않는다. | 유한차원 수치 관찰이며 일반 함수·모든 차원의 기호 증명이 아니다.",""
"6:LOW","저계수 근사","기존 틀로 대응","0성분을 생략하는 축약과 작은 성분을 버리는 근사는 어떻게 다른가?","0성분을 생략하는 축약과 작은 성분을 버리는 근사는 어떻게 다른가?","큰 특이값의 성분을 남겨 행렬을 근사함","작은 실수 직사각행렬 | 특이값은 비음수 내림차순 | k≤min(m,n) · 복소수에서는 켤레전치","U·Σ·V: 입력·배율·출력 | Aₖ: 같은 자료의 근사 | 오차·저장 수: 손실과 표현량","9.5: printed 540; PDF 554","한쪽 Jacobi 수치 SVD · 최대80 순회 · 상대 기계 정밀도 이하 특이값은0 처리 | 표본 영상은 종횡비를 유지해 최대32×32의 회색값 행렬로 축소한다. 원영상과 표본·저계수 복원을 구별한다. | 대규모 영상 SVD·무손실 압축·통계적 PCA의 자동 판정을 제공하지 않는다. | 유한차원 수치 관찰이며 일반 함수·모든 차원의 기호 증명이 아니다.",""
"6:COMP","자료·영상 압축","기존 틀로 대응","저장할 수의 개수와 실제 영상 파일의 크기는 어떻게 다른가?","저장할 수의 개수와 실제 영상 파일의 크기는 어떻게 다른가?","주요 성분을 저장해 표현량을 줄임","작은 실수 직사각행렬 | 특이값은 비음수 내림차순 | k≤min(m,n) · 복소수에서는 켤레전치","U·Σ·V: 입력·배율·출력 | Aₖ: 같은 자료의 근사 | 오차·저장 수: 손실과 표현량","9.5: printed 540; PDF 554","한쪽 Jacobi 수치 SVD · 최대80 순회 · 상대 기계 정밀도 이하 특이값은0 처리 | 표본 영상은 종횡비를 유지해 최대32×32의 회색값 행렬로 축소한다. 원영상과 표본·저계수 복원을 구별한다. | 대규모 영상 SVD·무손실 압축·통계적 PCA의 자동 판정을 제공하지 않는다. | 유한차원 수치 관찰이며 일반 함수·모든 차원의 기호 증명이 아니다.",""
"7:E","소거와 피벗","기존 틀로 대응","행 사다리꼴과 기약 행 사다리꼴은 어느 조건과 단계가 다른가?","행 사다리꼴과 기약 행 사다리꼴은 어느 조건과 단계가 다른가?","해와 독립 방향을 찾아냄","마지막 열은 b, 앞의 열들은 A | 실수 유한 행렬 · 최대 6행·7열 | 교환·0 아닌 배수·다른 행의 배수를 더하는 연산은 해를 유지한다.","확대행렬: 모든 조건 | 행 연산 장면: 실제 순서·근거 | 피벗·해의 상태: 결과 판단","1.2: printed 11; PDF 25","교재의 물리·경제·화학 모델 단위는 입력된 숫자만으로 추정하지 않는다. | 피벗은 상대적 수치 허용오차를 사용한다. | 유한차원 수치 관찰이며 일반 함수·모든 차원의 기호 증명이 아니다.",""
"7:R","계수·영공간·핵","기존 틀로 대응","계수와 영차수는 행렬의 입력·출력 차원을 어떻게 나누는가?","계수와 영차수는 행렬의 입력·출력 차원을 어떻게 나누는가?","유효한 방향과 사라지는 방향을 셈","실수 m×n 행렬 | 열공간 기저는 원래 행렬의 피벗 열 | 공역은 Rᵐ으로 명시한다.","원래 열과 RREF행: 기저의 선택 | 자유변수 벡터: 영공간 | 차원·직교 잔차: 네 공간의 관계","4.9: printed 276; PDF 290","작은 유한차원 수치 예제이다. 일반 정리·정확한 기호 판정·증명은 원문 조건과 구별한다. | 유한차원 수치 관찰이며 일반 함수·모든 차원의 기호 증명이 아니다.",""
"7:INV","가역성","기존 틀로 대응","가역성의 여러 동치 조건은 어떤 정사각 조건에서 같은 말이 되는가?","가역성의 여러 동치 조건은 어떤 정사각 조건에서 같은 말이 되는가?","모든 입력 정보를 보존하는지 판별함","n행 n+1열의 실수 확대행렬 | 역행렬과 크래머 공식은 det A≠0에서만 적용","여인수 행렬: 부호와 소행렬 | 전개 항: 행렬식의 합 | 역행렬·크래머 해: 같은 해의 비교","1.4: printed 40; PDF 54 | 1.6: printed 62; PDF 76","작은 유한차원 수치 예제이다. 일반 정리·정확한 기호 판정·증명은 원문 조건과 구별한다. | 유한차원 수치 관찰이며 일반 함수·모든 차원의 기호 증명이 아니다.",""
"7:B","기저변환과 닮음","기존 틀로 대응","벡터를 고정한 기저변환에서 어느 좌표가 어느 좌표로 가는가?","벡터를 고정한 기저변환에서 어느 좌표가 어느 좌표로 가는가?","같은 대상을 다른 좌표에서 표현함","B,C는 가역인 같은 n×n 기저 행렬 | x는 n×1 고정 벡터 | 입력 기저의 벡터를 행렬의 열로 넣는다.","기저 벡터: 같은 공간의 방향 | 좌표 열: 선택한 기저의 계수 | C⁻¹B: 좌표 사이의 전이","4.5: printed 238; PDF 252 | 4.7: printed 256; PDF 270 | 8.5: printed 487; PDF 501","작은 유한차원 수치 예제이다. 일반 정리·정확한 기호 판정·증명은 원문 조건과 구별한다. | 유한차원 수치 관찰이며 일반 함수·모든 차원의 기호 증명이 아니다.",""
"7:DG","대각화","기존 틀로 대응","닮음과 대각화는 같은 작용의 어떤 정보를 보존하는가?","닮음과 대각화는 같은 작용의 어떤 정보를 보존하는가?","고유방향에서 작용을 단순화함","실수 정사각 입력; 결과의 실수·복소수를 구별 | 비영 독립 고유벡터가 n개 필요 | 반복 고유값만으로 대각화 여부를 확정하지 않는다.","고유쌍: 방향과 배율 | P: 고유벡터를 열로 배열 | D·P⁻¹AP: 같은 작용의 좌표 표현","5.2: printed 301; PDF 315","작은 유한차원 수치 예제이다. 일반 정리·정확한 기호 판정·증명은 원문 조건과 구별한다. | 유한차원 수치 관찰이며 일반 함수·모든 차원의 기호 증명이 아니다.",""
"7:PR","정사영과 최소제곱","기존 틀로 대응","유일한 정사영과 비유일한 표현계수는 왜 동시에 존재할 수 있는가?","유일한 정사영과 비유일한 표현계수는 왜 동시에 존재할 수 있는가?","도달 가능한 공간에서 가장 가까운 답을 찾음","실수 유클리드 내적 | A의 열이 생성하는 부분공간 | 종속 열도 허용; b는 한 열","Q·P_W: 부분공간과 정사영 | b,p,r: 벡터의 분해 | x₀+Null(A): 최소제곱 계수의 해집합","6.4: printed 376; PDF 390","작은 유한차원 수치 예제이다. 일반 정리·정확한 기호 판정·증명은 원문 조건과 구별한다. | 유한차원 수치 관찰이며 일반 함수·모든 차원의 기호 증명이 아니다.",""
"7:F","푸리에 근사","기존 틀로 대응","같은 직교계수는 유한 근사와 무한급수에서 어떻게 다르게 쓰이는가?","같은 직교계수는 유한 근사와 무한급수에서 어떻게 다르게 쓰이는가?","함수를 직교 성분으로 근사함","[0,2π] 적분 내적 · 한 행의 다항식 계수 | 유한 차수0~15 · 끝점의 주기 연장 구별","다항식: 원함수 | aₙ,bₙ: 직교 성분의 계수 | 부분합·적분 오차: 유한 최선근사","6.6: printed 392; PDF 406","작은 유한차원 수치 예제이다. 일반 정리·정확한 기호 판정·증명은 원문 조건과 구별한다. | 유한차원 수치 관찰이며 일반 함수·모든 차원의 기호 증명이 아니다.",""
"7:SVD","특이값 분해","기존 틀로 대응","다른 입력·출력 직교기저로 직사각 작용을 어떻게 분리하는가?","다른 입력·출력 직교기저로 직사각 작용을 어떻게 분리하는가?","입력·출력의 주요 방향을 분리함","작은 실수 직사각행렬 | 특이값은 비음수 내림차순 | k≤min(m,n) · 복소수에서는 켤레전치","U·Σ·V: 입력·배율·출력 | Aₖ: 같은 자료의 근사 | 오차·저장 수: 손실과 표현량","9.4: printed 532; PDF 546","한쪽 Jacobi 수치 SVD · 최대80 순회 · 상대 기계 정밀도 이하 특이값은0 처리 | 표본 영상은 종횡비를 유지해 최대32×32의 회색값 행렬로 축소한다. 원영상과 표본·저계수 복원을 구별한다. | 대규모 영상 SVD·무손실 압축·통계적 PCA의 자동 판정을 제공하지 않는다. | 유한차원 수치 관찰이며 일반 함수·모든 차원의 기호 증명이 아니다.",""
"7:Q","직교·유니터리 변환","기존 틀로 대응","에르미트·유니터리·정규는 어떤 고유기저 조건을 구별하는가?","에르미트·유니터리·정규는 어떤 고유기저 조건을 구별하는가?","내적을 보존하며 표현을 바꿈","복소 성분 예: 1+2i · 최대6×6 | 세 행렬 조건은 정사각행렬에서 판단 | 복소 내적은 첫 인자에 선형인 교재 관례","A와 A*: 성분의 켤레·전치 | A*A와 AA*: 순서의 대응 | 조건별 잔차: 서로 다른 행렬 성질","7.1: printed 399; PDF 413 | 7.5: printed 436; PDF 450","작은 유한차원 수치 예제이다. 일반 정리·정확한 기호 판정·증명은 원문 조건과 구별한다. | 유한차원 수치 관찰이며 일반 함수·모든 차원의 기호 증명이 아니다.",""